[
    {
        "resource": "public-bucket",
        "issue": "Public S3 Bucket",
        "severity": "HIGH",
        "type": "S3"
    },
    {
        "resource": "public-bucket",
        "issue": "No Encryption Enabled",
        "severity": "MEDIUM",
        "type": "S3"
    },
    {
        "resource": "public-bucket",
        "issue": "Versioning Disabled",
        "severity": "LOW",
        "type": "S3"
    },
    {
        "resource": "logs-bucket",
        "issue": "No Encryption Enabled",
        "severity": "MEDIUM",
        "type": "S3"
    },
    {
        "resource": "backup-bucket",
        "issue": "Versioning Disabled",
        "severity": "LOW",
        "type": "S3"
    },
    {
        "resource": "alice",
        "issue": "MFA Not Enabled",
        "severity": "HIGH",
        "type": "IAM"
    },
    {
        "resource": "charlie",
        "issue": "MFA Not Enabled",
        "severity": "HIGH",
        "type": "IAM"
    },
    {
        "resource": "web-sg",
        "issue": "Open Port 22",
        "severity": "HIGH",
        "type": "SecurityGroup"
    },
    {
        "resource": "web-sg",
        "issue": "Open Port 80",
        "severity": "LOW",
        "type": "SecurityGroup"
    },
    {
        "resource": "db-sg",
        "issue": "Open Port 3306",
        "severity": "LOW",
        "type": "SecurityGroup"
    },
    {
        "resource": "admin-sg",
        "issue": "Open Port 3389",
        "severity": "HIGH",
        "type": "SecurityGroup"
    },
    {
        "resource": "admin-sg",
        "issue": "Open Port 22",
        "severity": "HIGH",
        "type": "SecurityGroup"
    }
]